auctionid,bidder,early_bidding,bidding_ratio,nibble_bidding,last_bidding,starting_price,auction_bids,winning_ratio,buyer_tendency,shill_score,Cluster,Label
2920322392,cesandjoel,0.40628556175276426,0.017405063291139243,0.0,0.0,0.0,0.5686274509803921,0.0,1,10.731159,1,Normal
2920322392,cnbjbuyer,0.8103674237786828,0.017405063291139243,0.0,0.0,0.0,0.5686274509803921,0.0,1,11.335163999999999,2,Suspicious
2920322392,deaglekl,0.40202266719919405,0.017405063291139243,0.0,0.0,0.0,0.5686274509803921,0.0,1,10.724787,1,Normal
2920322392,friend_id,0.9807326799838636,0.017405063291139243,0.0,0.0,0.0,0.5686274509803921,0.0,1,11.589818999999999,2,Suspicious
2920322392,fsuwolf,0.7311626824123487,0.017405063291139243,0.0,0.0,0.0,0.5686274509803921,0.0,1,11.216771999999999,2,Suspicious
2920322392,fxman27,0.2850880978137613,0.017405063291139243,0.0,0.0,0.0,0.5686274509803921,0.0,1,10.549998,1,Normal
2920322392,garethb,0.6910103903037212,0.017405063291139243,0.0,0.0,0.0,0.5686274509803921,0.0,1,11.156754,2,Suspicious
2920322392,harleybhi,0.8038807593732501,0.017405063291139243,0.0,0.0,0.0,0.5686274509803921,0.0,1,11.325467999999999,2,Suspicious
2920322392,ibiza_girl99,0.9997390883747816,0.017405063291139243,0.0,0.0,0.0,0.5686274509803921,1.0,1,12.318228999999999,6,Suspicious
2920322392,jclay1965,0.9276331502268927,0.14556962025316456,0.15384615384615385,0.0,0.0,0.5686274509803921,0.0,1,12.957322999999999,2,Suspicious
2920322392,jde0216,0.812233945405246,0.14556962025316456,0.07692307692307693,1.0,0.0,0.5686274509803921,0.0,1,12.784828999999998,0,Normal
2920322392,marymom6,0.5698871858272806,0.017405063291139243,0.0,0.0,0.0,0.5686274509803921,0.0,2,11.475704,3,Normal
2920322392,ranger_2,0.7185686789643013,0.017405063291139243,0.0,0.0,0.0,0.5686274509803921,0.0,1,11.197947,2,Suspicious
2920322392,scalpal007,0.3876404156121489,0.444620253164557,0.7692307692307693,0.0,0.0,0.5686274509803921,0.0,1,17.859538999999998,1,Normal
2920322392,taniswillard,0.809825530403229,0.017405063291139243,0.0,0.0,0.0,0.5686274509803921,0.0,1,11.334354,2,Suspicious
2920322392,thebeemanone,0.3537359534212539,0.017405063291139243,0.0,0.0,0.0,0.5686274509803921,0.0,1,10.65261,1,Normal
3013951754,ansonnowka,0.8136207910439075,0.050632911392405056,0.0,0.0,0.5405228001081123,0.2941176470588235,0.0,1,49.149179777777775,4,Suspicious
3013951754,antjr0,0.9601005914665842,0.050632911392405056,0.0,0.0,0.5405228001081123,0.2941176470588235,0.0,1,49.368131777777776,4,Suspicious
3013951754,bakheet,0.7899199804115581,0.050632911392405056,0.0,0.0,0.5405228001081123,0.2941176470588235,0.0,1,49.113752777777776,4,Suspicious
3013951754,blk87vet,0.6077494766714903,0.050632911392405056,0.0,0.0,0.5405228001081123,0.2941176470588235,0.0,1,48.84145177777778,4,Suspicious
3013951754,chatra221,0.9738927813781354,0.050632911392405056,0.0,0.0,0.5405228001081123,0.2941176470588235,0.0,1,49.38874777777778,4,Suspicious
3013951754,designergoods2k3,0.9788159830447585,0.050632911392405056,0.0,0.0,0.5405228001081123,0.2941176470588235,0.0,3,50.396106777777774,7,Normal
3013951754,medica26,0.9567669437012924,0.050632911392405056,0.0,0.0,0.5405228001081123,0.2941176470588235,0.0,1,49.36314877777778,4,Suspicious
3013951754,opishi,0.9625491467186351,0.050632911392405056,0.0,0.0,0.5405228001081123,0.2941176470588235,0.0,1,49.37179177777778,4,Suspicious
3013951754,oscarwinningdirector,0.9816920319596671,0.050632911392405056,0.0,0.0,0.5405228001081123,0.2941176470588235,1.0,1,50.10040577777778,6,Suspicious
3013951754,rick_kathy,0.9689675726990105,0.5063291139240506,0.38461538461538464,0.0,0.5405228001081123,0.2941176470588235,0.0,1,53.048052444444444,4,Suspicious
3013951754,viman2,0.9872554706143266,0.12658227848101264,0.07692307692307693,1.0,0.5405228001081123,0.2941176470588235,0.0,2,51.33649955555556,0,Normal
3014012075,dkdubose,0.990504823854548,0.31645569620253167,0.0,0.0,0.8687208000308893,0.0196078431372549,1.0,1,71.510801,6,Suspicious
3014012075,viman2,0.9773067096434945,0.9999999999999999,0.07692307692307693,1.0,0.8687208000308893,0.0196078431372549,0.0,2,72.941073,0,Normal
3014085073,bentley002,0.9995363801121118,0.16998191681735983,0.0,0.0,0.7721919765241901,0.21568627450980393,0.0,1,66.27072957142857,4,Suspicious
3014085073,bfbrown10,0.9960843186092208,0.16998191681735983,0.07692307692307693,0.0,0.7721919765241901,0.21568627450980393,0.0,1,66.96556957142857,4,Suspicious
3014085073,lc2678,0.6589604076643794,0.16998191681735983,0.0,0.0,0.7721919765241901,0.21568627450980393,0.0,1,65.76165057142858,4,Suspicious
3014085073,manoo75,0.9999297545624413,0.07233273056057865,0.0,0.0,0.7721919765241901,0.21568627450980393,0.0,1,66.23560328571429,4,Suspicious
3014085073,pressonjh@aol.com,0.9993457139244522,0.4629294755877035,0.15384615384615385,0.0,0.7721919765241901,0.21568627450980393,0.0,1,67.77758742857142,4,Suspicious
3014085073,prtc,0.9999658807874716,0.07233273056057865,0.0,1.0,0.7721919765241901,0.21568627450980393,1.0,1,67.63565728571429,0,Normal
3014085073,u05409,0.990422536341979,0.07233273056057865,0.0,0.0,0.7721919765241901,0.21568627450980393,0.5,2,67.07139228571428,3,Normal
3014314236,drrebhuhn,0.3174009990908234,0.24810126582278483,0.0,0.0,1.0,0.0392156862745098,0.0,2,80.779673,3,Normal
3014314236,susan_hopkinson_fishman,0.9686885979612767,0.7949367088607594,0.07692307692307693,1.0,1.0,0.0392156862745098,0.3333333333333333,1,83.08652433333334,0,Normal
3014314236,wendypatton,0.9704306848127358,0.24810126582278483,0.0,0.0,1.0,0.0392156862745098,0.0,1,81.25579499999999,4,Suspicious
3014772364,drrebhuhn,0.6359520163451099,0.8860759493670886,0.0,1.0,0.9845553882389281,0.0,0.0,2,80.38916333333334,0,Normal
3014772364,kbuffaline,0.9980953451359049,0.430379746835443,0.0,0.0,0.9845553882389281,0.0,1.0,1,80.26381366666668,6,Suspicious
3014834982,abrahamklein,0.30536093109323986,0.04303797468354431,0.0,0.0,0.003822541410865284,0.3333333333333333,0.0,2,7.786676,3,Normal
3014834982,designergoods2k3,0.6532042958095586,0.04303797468354431,0.0,0.0,0.003822541410865284,0.3333333333333333,0.0,3,8.806618,7,Normal
3014834982,jeremys_catch22,0.18766771098217172,0.17974683544303796,0.07692307692307693,0.0,0.003822541410865284,0.3333333333333333,0.0,1,7.860753,1,Normal
3014834982,laughter_girl,0.9994440575370345,0.04303797468354431,0.0,1.0,0.003822541410865284,0.3333333333333333,0.0,1,9.024163,0,Normal
3014834982,lou6193,0.8533475965021787,0.04303797468354431,0.0,0.0,0.003822541410865284,0.3333333333333333,0.0,1,8.105784,2,Suspicious
3014834982,macdonn,0.17636220956020335,0.31645569620253167,0.3076923076923077,0.0,0.003822541410865284,0.3333333333333333,0.0,2,10.493853999999999,3,Normal
3014834982,mav4749,0.492290061474793,0.04303797468354431,0.0,0.0,0.003822541410865284,0.3333333333333333,0.0,3,8.566089999999999,7,Normal
3014834982,music_by_design,0.12237959430249293,0.11139240506329115,0.07692307692307693,0.0,0.003822541410865284,0.3333333333333333,0.0,2,8.238163,3,Normal
3014834982,pro_fun,0.6395686528731388,0.11139240506329115,0.0,0.0,0.003822541410865284,0.3333333333333333,0.0,1,7.811236,1,Normal
3014834982,u05409,0.9921786722809497,0.04303797468354431,0.0,0.0,0.003822541410865284,0.3333333333333333,0.5,2,9.163302999999999,3,Normal
3014834982,wedav,0.8522818728637861,0.11139240506329115,0.07692307692307693,0.0,0.003822541410865284,0.3333333333333333,0.0,1,8.829191,2,Suspicious
3014844871,bobmagbole,0.9997330673372764,0.050632911392405056,0.0,1.0,0.003822541410865284,0.2941176470588235,0.0,1,8.427372777777776,0,Normal
3014844871,chrisa76,0.9166427497676883,0.050632911392405056,0.0,0.0,0.003822541410865284,0.2941176470588235,0.0,2,8.103172777777777,3,Normal
3014844871,designergoods2k3,0.808767834814843,0.12658227848101264,0.07692307692307693,0.0,0.003822541410865284,0.2941176470588235,0.0,3,9.169703555555555,7,Normal
3014844871,jairobolivar,0.2637696110209071,0.050632911392405056,0.0,0.0,0.003822541410865284,0.2941176470588235,0.0,2,7.127284777777778,3,Normal
3014844871,macdonn,0.3352874945058033,0.12658227848101264,0.07692307692307693,0.0,0.003822541410865284,0.2941176470588235,0.0,2,7.961964555555555,3,Normal
3014844871,mav4749,0.5178654217837123,0.050632911392405056,0.0,0.0,0.003822541410865284,0.2941176470588235,0.0,3,8.007096777777777,7,Normal
3014844871,mmannboat,0.07179485121012819,0.7341772151898734,0.38461538461538464,0.0,0.003822541410865284,0.2941176470588235,0.1,1,10.160328777777778,1,Normal
3015053536,abrahamklein,0.48676074203266223,0.23101265822784808,0.07692307692307693,0.0,0.003822541410865284,0.2549019607843137,0.0,2,7.626575,3,Normal
3015053536,dwalljax,0.753984421568962,0.060126582278481014,0.0,0.0,0.003822541410865284,0.2549019607843137,0.0,2,7.26351,3,Normal
3015053536,dwiwri,0.9179733990563028,0.14556962025316456,0.07692307692307693,0.0,0.003822541410865284,0.2549019607843137,0.0,1,7.739884,2,Suspicious
3015053536,esmx,0.32176023024447425,0.060126582278481014,0.0,0.0,0.003822541410865284,0.2549019607843137,0.0,1,6.117439,1,Normal
3015053536,gibrandiab,0.9514523745968415,0.060126582278481014,0.0,0.0,0.003822541410865284,0.2549019607843137,0.5,2,7.908677,3,Normal
3015053536,jaankir,0.08436075648315214,0.23101265822784808,0.15384615384615385,0.0,0.003822541410865284,0.2549019607843137,0.0,1,7.225084,1,Normal
3015053536,jairobolivar,0.05477939922087775,0.060126582278481014,0.0,0.0,0.003822541410865284,0.2549019607843137,0.0,2,6.218367,3,Normal
3015053536,mav4749,0.2728593706410198,0.14556962025316456,0.0,0.0,0.003822541410865284,0.2549019607843137,0.0,3,7.075594,7,Normal
3015053536,mordker,0.14964084511282422,0.060126582278481014,0.0,0.0,0.003822541410865284,0.2549019607843137,0.0,1,5.860162,1,Normal
3015053536,music_by_design,0.9667498238846531,0.060126582278481014,0.0,1.0,0.003822541410865284,0.2549019607843137,0.0,2,8.281543,0,Normal
3015060138,jimmylam1,0.9977280618480975,0.9999999999999999,0.15384615384615385,1.0,0.7721919765241901,0.0196078431372549,0.3333333333333333,1,65.90493133333334,0,Normal
3015060138,swingingsteely,0.7540887862190494,0.31645569620253167,0.0,0.0,0.7721919765241901,0.0196078431372549,0.0,1,62.957416,4,Suspicious
3015469474,aghyde1,0.9135539575276015,0.0840506329113924,0.07692307692307693,0.0,0.38607668249739374,0.4313725490196078,0.0,1,40.110778,4,Suspicious
3015469474,dsc420,0.9982860113235645,0.02936708860759494,0.0,0.0,0.38607668249739374,0.4313725490196078,1.0,1,40.217432,6,Suspicious
3015469474,gibrandiab,0.9848892028748448,0.02936708860759494,0.0,0.0,0.38607668249739374,0.4313725490196078,0.5,2,40.347407000000004,3,Normal
3015469474,hockeycommish,0.9971500422476132,0.3574683544303797,0.46153846153846156,0.0,0.38607668249739374,0.4313725490196078,0.0,1,43.835734,4,Suspicious
3015469474,joshidigant,0.9589244821405993,0.02936708860759494,0.0,0.0,0.38607668249739374,0.4313725490196078,0.0,1,39.458596,4,Suspicious
3015469474,ktzakis,0.20889788922495198,0.02936708860759494,0.0,0.0,0.38607668249739374,0.4313725490196078,0.0,1,38.337486999999996,1,Normal
3015469474,misdsupt,0.9986472735738672,0.02936708860759494,0.0,1.0,0.38607668249739374,0.4313725490196078,0.0,1,40.217972,0,Normal
3015469474,nikehightops,0.8236217343397833,0.02936708860759494,0.0,0.0,0.38607668249739374,0.4313725490196078,0.5,2,40.106351000000004,3,Normal
3015469474,playa11229,0.8684744497273473,0.13873417721518988,0.07692307692307693,0.0,0.38607668249739374,0.4313725490196078,0.0,3,41.063395,7,Normal
3015469474,rdbii,0.8229794903392453,0.0840506329113924,0.07692307692307693,0.0,0.38607668249739374,0.4313725490196078,0.0,1,39.975391,4,Suspicious
3015469474,sethed,0.9633780428818293,0.19341772151898734,0.15384615384615385,0.0,0.38607668249739374,0.4313725490196078,0.0,1,40.925253,4,Suspicious
3015469474,spinnerbaite,0.41490367343498186,0.02936708860759494,0.0,0.0,0.38607668249739374,0.4313725490196078,0.0,1,38.645416,4,Suspicious
3015513105,jackelopeus,0.9999859509124882,0.31645569620253167,0.0,1.0,0.8301092706282096,0.0196078431372549,1.0,1,69.224973,0,Normal
3015513105,lbkornyoh,0.9970416635725226,0.31645569620253167,0.0,0.0,0.8301092706282096,0.0196078431372549,0.3333333333333333,2,68.55390533333333,3,Normal
3015513105,stutz688,0.973794437765553,0.6582278481012658,0.0,0.0,0.8301092706282096,0.0196078431372549,0.3333333333333333,2,68.64415633333334,3,Normal
3015520299,arlafuente,0.967675056647928,0.16998191681735983,0.15384615384615385,0.0,0.003822541410865284,0.3529411764705882,0.0,1,10.023104571428572,2,Suspicious
3015520299,chrisa76,0.9352718398082902,0.03978300180831826,0.0,0.0,0.003822541410865284,0.3529411764705882,0.0,2,9.027050523809523,3,Normal
3015520299,diracnz,0.876325882633923,0.16998191681735983,0.07692307692307693,0.0,0.003822541410865284,0.3529411764705882,0.0,1,9.186559571428571,2,Suspicious
3015520299,greg.kelley@verizon.net,0.8046434241238889,0.03978300180831826,0.0,0.0,0.003822541410865284,0.3529411764705882,0.0,1,8.331792523809524,2,Suspicious
3015520299,lbkornyoh,0.9994239874120177,0.10488245931283904,0.07692307692307693,1.0,0.003822541410865284,0.3529411764705882,0.3333333333333333,2,10.780085380952382,0,Normal
3015520299,mattylance,0.05557417617154338,0.03978300180831826,0.0,0.0,0.003822541410865284,0.3529411764705882,0.0,1,7.2121145238095234,1,Normal
3015520299,mp7rc,0.08300401603201588,0.30018083182640143,0.3076923076923077,0.0,0.003822541410865284,0.3529411764705882,0.0,1,10.148353619047619,1,Normal
3015520299,skier64,0.5359205062488335,0.03978300180831826,0.0,0.0,0.003822541410865284,0.3529411764705882,0.0,1,7.930116523809524,1,Normal
3015520299,summerset_n,0.48509291464376536,0.23508137432188062,0.15384615384615385,0.0,0.003822541410865284,0.3529411764705882,0.0,1,9.325570095238096,1,Normal
3015592850,1bemlr,0.9395166712493452,0.31645569620253167,0.0,0.0,0.6949303061894282,0.09803921568627451,0.0,1,58.431585999999996,4,Suspicious
3015592850,dsmiller,0.9548502467621871,0.31645569620253167,0.0,0.0,0.6949303061894282,0.09803921568627451,0.0,1,58.454505999999995,4,Suspicious
3015592850,jdlax17,0.9478357380688125,0.14556962025316456,0.0,0.0,0.6949303061894282,0.09803921568627451,0.0,2,58.881521,3,Normal
3015592850,stutz688,0.9999438036499531,0.14556962025316456,0.0,1.0,0.6949303061894282,0.09803921568627451,0.3333333333333333,2,59.892743333333335,0,Normal
3015592850,this-n-that0_0,0.9482210844691353,0.31645569620253167,0.0,0.0,0.6949303061894282,0.09803921568627451,0.0,1,58.444597,4,Suspicious
3015710047,gidionlab,0.8091311040776473,0.8860759493670886,0.15384615384615385,1.0,0.8301092706282096,0.058823529411764705,0.25,1,70.62302433333333,0,Normal
3015710047,johnoots631,0.5995407955396155,0.430379746835443,0.0,0.0,0.8301092706282096,0.058823529411764705,0.0,1,67.86807066666667,4,Suspicious
3015909534,beth4226,0.9489375879322354,0.14556962025316456,0.0,0.0,0.003822541410865284,0.09803921568627451,0.0,1,4.686168,2,Suspicious
3015909534,bk_black,0.4092579472677536,0.14556962025316456,0.0,0.0,0.003822541410865284,0.09803921568627451,0.0,1,3.8794769999999996,1,Normal
3015909534,cobo_cobo,0.9614071566051786,0.14556962025316456,0.0,0.0,0.003822541410865284,0.09803921568627451,0.0,1,4.704807000000001,2,Suspicious
3015909534,doog197,0.18782225094480115,0.14556962025316456,0.0,0.0,0.003822541410865284,0.09803921568627451,0.0,1,3.548484,1,Normal
3015909534,dwalljax,0.7627630942513142,0.14556962025316456,0.0,0.0,0.003822541410865284,0.09803921568627451,0.0,2,4.907882,3,Normal
3015909534,marymom6,0.5566128051411632,0.14556962025316456,0.0,0.0,0.003822541410865284,0.09803921568627451,0.0,2,4.599736999999999,3,Normal
3015909534,mpowerbim,0.9935996371321398,0.14556962025316456,0.0,1.0,0.003822541410865284,0.09803921568627451,0.0,1,5.452927,0,Normal
3015909534,nikehightops,0.9670167565473765,0.14556962025316456,0.0,0.0,0.003822541410865284,0.09803921568627451,0.5,2,5.563192,3,Normal
3015942588,adamsees,0.6838895099477575,0.12658227848101264,0.0,0.0,0.09649021197729642,0.2941176470588235,0.0,1,14.483040555555554,1,Normal
3015942588,chueychuey,0.30553554118088605,0.2784810126582278,0.23076923076923078,0.0,0.09649021197729642,0.2941176470588235,0.0,1,16.07304811111111,1,Normal
3015942588,ebennett@tampabay.rr.com,0.09256341657752187,0.050632911392405056,0.0,0.0,0.09649021197729642,0.2941176470588235,0.0,1,13.571372777777778,1,Normal
3015942588,love_angel_321,0.43243091361216096,0.20253164556962025,0.15384615384615385,0.0,0.09649021197729642,0.2941176470588235,0.0,1,15.534948333333332,1,Normal
3015942588,marie1c,0.8778251209726786,0.2784810126582278,0.15384615384615385,1.0,0.09649021197729642,0.2941176470588235,0.25,1,17.10348311111111,0,Normal
3015942588,mgb-77,0.8235434608522176,0.050632911392405056,0.0,0.0,0.09649021197729642,0.2941176470588235,0.0,1,14.664011777777777,2,Suspicious
3015942588,tryker20,0.003138967552628886,0.20253164556962025,0.07692307692307693,0.0,0.09649021197729642,0.2941176470588235,0.0,1,14.193260333333331,1,Normal
3016329182,alex19802,0.09934711883320321,0.24810126582278483,0.0,1.0,0.8301092706282096,0.13725490196078433,0.5,1,69.30373499999999,0,Normal
3016329182,amitvasant,0.09549967586748098,0.11139240506329115,0.0,0.0,0.8301092706282096,0.13725490196078433,0.0,1,68.19798399999999,1,Normal
3016329182,jsjcs,0.8840006984403507,0.11139240506329115,0.0,0.0,0.8301092706282096,0.13725490196078433,0.0,1,69.376603,4,Suspicious
3016329182,medic_morph,0.8685186040023845,0.7949367088607594,0.38461538461538464,0.0,0.8301092706282096,0.13725490196078433,0.0,1,73.103461,4,Suspicious
3016427640,jstrauch@bbc.net,0.8073689471011716,0.046635576282478344,0.0,0.0,0.38603807096799103,0.3137254901960784,0.0,1,37.43537278947368,4,Suspicious
3016427640,leighhan,0.901909270992849,0.11858760826115922,0.07692307692307693,0.0,0.38603807096799103,0.3137254901960784,0.0,1,38.30300357894737,4,Suspicious
3016427640,lfransson,0.9187942671694903,0.3344437041972018,0.23076923076923078,0.0,0.38603807096799103,0.3137254901960784,0.0,1,39.80718994736842,4,Suspicious
3016427640,mespend,0.6806481847575429,0.1905396402398401,0.07692307692307693,0.0,0.38603807096799103,0.3137254901960784,0.0,1,37.99858736842105,4,Suspicious
3016427640,mudnyouri,0.01869130742815397,0.11858760826115922,0.07692307692307693,0.0,0.38603807096799103,0.3137254901960784,0.0,1,36.982805578947364,1,Normal
3016427640,obizzyb,0.5154188735441633,0.1905396402398401,0.07692307692307693,0.0,0.38603807096799103,0.3137254901960784,0.0,2,38.25160936842105,3,Normal
3016427640,rxtoddsterr,0.9393019209116653,0.046635576282478344,0.0,0.0,0.38603807096799103,0.3137254901960784,1.0,1,38.33258078947369,6,Suspicious
3016427640,thee123,0.999931761574943,0.046635576282478344,0.0,1.0,0.38603807096799103,0.3137254901960784,0.0,1,38.423207789473686,0,Normal
3016427640,wwc0,0.5263229724657955,0.046635576282478344,0.0,0.0,0.38603807096799103,0.3137254901960784,0.0,1,37.01527678947368,4,Suspicious
3016429446,bigmeesa,0.9589606083656295,0.11139240506329115,0.0,0.0,0.38607668249739374,0.13725490196078433,0.0,2,35.48865,3,Normal
3016429446,obizzyb,0.5141123084055691,0.24810126582278483,0.07692307692307693,0.0,0.38607668249739374,0.13725490196078433,0.0,2,35.573709,3,Normal
3016429446,playa11229,0.6122933529752957,0.6582278481012658,0.23076923076923078,0.0,0.38607668249739374,0.13725490196078433,0.0,3,37.770466,7,Normal
3016429446,poolside48,0.9972905331227309,0.11139240506329115,0.0,1.0,0.38607668249739374,0.13725490196078433,1.0,1,36.445944000000004,0,Normal
3016429446,rcav77,0.15416264427911122,0.11139240506329115,0.0,0.0,0.38607668249739374,0.13725490196078433,0.0,1,33.785671,1,Normal
3016459024,bigmeesa,0.9748320632289219,0.060126582278481014,0.0,0.0,0.003822541410865284,0.2549019607843137,0.0,2,7.593624,3,Normal
3016459024,brusco41,0.8073990522886967,0.14556962025316456,0.07692307692307693,0.0,0.003822541410865284,0.2549019607843137,0.0,1,7.574602,2,Suspicious
3016459024,ce_dragoth,0.5953461394111024,0.060126582278481014,0.0,0.0,0.003822541410865284,0.2549019607843137,0.0,1,6.526384,1,Normal
3016459024,disciple1135,0.51966571199772,0.060126582278481014,0.0,0.0,0.003822541410865284,0.2549019607843137,0.0,1,6.413259999999999,1,Normal
3016459024,ekarban,0.9951430297459324,0.31645569620253167,0.23076923076923078,0.0,0.003822541410865284,0.2549019607843137,0.25,1,9.492733999999999,2,Suspicious
3016459024,harlequin1998,0.2814634332357257,0.060126582278481014,0.0,0.0,0.003822541410865284,0.2549019607843137,0.0,1,6.057205,1,Normal
3016459024,mlivas,0.9999357755999463,0.14556962025316456,0.07692307692307693,1.0,0.003822541410865284,0.2549019607843137,0.0,1,8.562398,0,Normal
3016459024,swtxtaci,0.8819033703760941,0.060126582278481014,0.0,0.0,0.003822541410865284,0.2549019607843137,0.0,1,6.954718,2,Suspicious
3016459024,unmendn143,0.8769600985844542,0.14556962025316456,0.07692307692307693,0.0,0.003822541410865284,0.2549019607843137,0.0,1,7.678579,2,Suspicious
3016459024,wkcnfs,0.846610055534036,0.060126582278481014,0.0,0.0,0.003822541410865284,0.2549019607843137,0.0,1,6.901963,2,Suspicious
3016891898,captdah,0.7316945407252942,0.24810126582278483,0.15384615384615385,0.0,0.038572917873276956,0.23529411764705882,0.0,1,10.598942,2,Suspicious
3016891898,cathaileycat,0.9972724700102158,0.24810126582278483,0.15384615384615385,1.0,0.038572917873276956,0.23529411764705882,0.0,2,12.195917000000001,0,Normal
3016891898,fullajoy3,0.5059778867362565,0.06582278481012659,0.0,0.0,0.038572917873276956,0.23529411764705882,0.0,2,9.294883333333333,3,Normal
3016891898,fyrmed1,0.9516008935219658,0.06582278481012659,0.0,0.0,0.038572917873276956,0.23529411764705882,0.0,1,9.460982333333334,2,Suspicious
3016891898,gagausa,0.534627990197751,0.06582278481012659,0.0,0.0,0.038572917873276956,0.23529411764705882,0.0,1,8.837708333333333,1,Normal
3016891898,gkienz,0.7459563715622385,0.06582278481012659,0.0,0.0,0.038572917873276956,0.23529411764705882,0.0,1,9.153593333333333,1,Normal
3016891898,honestcon,0.5508165530363088,0.1569620253164557,0.0,0.0,0.038572917873276956,0.23529411764705882,0.0,2,9.395239666666667,3,Normal
3016891898,laurel20723,0.9234685992859051,0.06582278481012659,0.0,0.0,0.038572917873276956,0.23529411764705882,0.0,1,9.418931333333333,2,Suspicious
3016891898,magggiecat,0.9750729047291236,0.06582278481012659,0.0,0.0,0.038572917873276956,0.23529411764705882,1.0,1,10.196067333333334,6,Suspicious
3016891898,slipcupantiques,0.9448091632162777,0.06582278481012659,0.0,0.0,0.038572917873276956,0.23529411764705882,0.0,1,9.450830333333332,2,Suspicious
3016892738,cathaileycat,0.5060742233363372,0.11858760826115922,0.07692307692307693,0.0,0.038572917873276956,0.3137254901960784,0.0,2,11.214325578947369,3,Normal
3016892738,chinacrete,0.996459629947035,0.1905396402398401,0.0,0.0,0.038572917873276956,0.3137254901960784,0.0,1,10.773649368421053,2,Suspicious
3016892738,conwayjohn71,0.9407790821129025,0.262491672218521,0.07692307692307693,0.0,0.038572917873276956,0.3137254901960784,0.0,1,11.416736157894738,2,Suspicious
3016892738,honestcon,0.21035096627616898,0.046635576282478344,0.0,0.0,0.038572917873276956,0.3137254901960784,0.0,2,10.045974789473686,3,Normal
3016892738,lfdm21,0.8597339102825272,0.046635576282478344,0.0,0.0,0.038572917873276956,0.3137254901960784,0.0,1,10.516645789473685,2,Suspicious
3016892738,mammad,0.9999859509124882,0.046635576282478344,0.0,1.0,0.038572917873276956,0.3137254901960784,1.0,1,12.126288789473683,0,Normal
3016892738,msecovich,0.4135730241463675,0.046635576282478344,0.0,0.0,0.038572917873276956,0.3137254901960784,0.0,4,11.349742789473684,5,Suspicious
3016892738,napoli7,0.9689254254364752,0.11858760826115922,0.07692307692307693,0.0,0.038572917873276956,0.3137254901960784,0.0,1,11.406176578947369,2,Suspicious
3016892738,postal1947,0.9989362833741091,0.046635576282478344,0.0,0.0,0.038572917873276956,0.3137254901960784,0.0,2,11.224719789473685,3,Normal
3016892738,raving_angels,0.5700999291524588,0.046635576282478344,0.0,0.0,0.038572917873276956,0.3137254901960784,0.0,1,10.083712789473683,1,Normal
3016892738,ronitocarlucha,0.3826369334454585,0.11858760826115922,0.07692307692307693,0.0,0.038572917873276956,0.3137254901960784,0.0,1,10.529816578947369,1,Normal
3016893433,abesedovsky,0.8206814610248208,0.18500486854917236,0.07692307692307693,0.0,0.038572917873276956,0.196078431372549,0.0,1,9.408879076923077,2,Suspicious
3016893433,bearsioux,0.8442738929820794,0.07984420642648492,0.0,0.0,0.038572917873276956,0.196078431372549,0.0,1,8.705682538461538,2,Suspicious
3016893433,chevyshopper,0.9708581784755937,0.07984420642648492,0.0,0.0,0.038572917873276956,0.196078431372549,0.0,1,8.894895538461538,2,Suspicious
3016893433,cleviter,0.9037818136569173,0.07984420642648492,0.0,0.0,0.038572917873276956,0.196078431372549,0.0,1,8.794632538461538,2,Suspicious
3016893433,johnathonb,0.4533841241297093,0.07984420642648492,0.0,0.0,0.038572917873276956,0.196078431372549,0.0,2,8.62139653846154,3,Normal
3016893433,mpm45,0.8825195232141101,0.18500486854917236,0.0,1.0,0.038572917873276956,0.196078431372549,0.5,1,9.851312076923076,0,Normal
3016893433,msecovich,0.23594639671010512,0.07984420642648492,0.0,0.0,0.038572917873276956,0.196078431372549,0.0,4,9.296379538461538,5,Suspicious
3016893433,opus001,0.7134126638474831,0.18500486854917236,0.07692307692307693,0.0,0.038572917873276956,0.196078431372549,0.0,1,9.248538076923076,2,Suspicious
3016893433,srcarguy@aol.com,0.6980991584596581,0.18500486854917236,0.07692307692307693,0.0,0.038572917873276956,0.196078431372549,0.0,3,10.225648076923077,7,Normal
3017602583,ccworthy,0.4483665928755071,0.060126582278481014,0.0,0.0,0.38607668249739374,0.2549019607843137,0.0,1,36.006685,4,Suspicious
3017602583,cleacock372,0.620485978007157,0.23101265822784808,0.07692307692307693,0.0,0.38607668249739374,0.2549019607843137,0.0,1,37.026461999999995,4,Suspicious
3017602583,ejdtlb,0.2936841323584605,0.31645569620253167,0.15384615384615385,0.0,0.38607668249739374,0.2549019607843137,0.0,1,37.269222,1,Normal
3017602583,jsolivio,0.6396328772731925,0.14556962025316456,0.07692307692307693,0.0,0.38607668249739374,0.2549019607843137,0.0,1,37.023832,4,Suspicious
3017602583,last_wizard,0.6732904769263808,0.060126582278481014,0.0,0.0,0.38607668249739374,0.2549019607843137,0.0,1,36.342892,4,Suspicious
3017602583,srcarguy@aol.com,0.7082727048306784,0.060126582278481014,0.0,0.0,0.38607668249739374,0.2549019607843137,0.0,3,37.395182,7,Normal
3017602583,steebie98,0.9973728206352999,0.23101265822784808,0.15384615384615385,1.0,0.38607668249739374,0.2549019607843137,0.3333333333333333,1,39.22315033333334,0,Normal
3017602583,weshead,0.9929353159940835,0.060126582278481014,0.0,0.0,0.38607668249739374,0.2549019607843137,0.0,1,36.820684,4,Suspicious
3018131250,5nova7,0.8472904327721057,0.03164556962025317,0.0,0.0,0.03853430634387428,0.4117647058823529,0.0,4,13.489563333333333,5,Suspicious
3018131250,9600ggp,0.6141819517393774,0.14556962025316456,0.15384615384615385,0.0,0.03853430634387428,0.4117647058823529,0.0,4,14.582788999999998,5,Suspicious
3018131250,ablotkamp,0.9109448412754164,0.03164556962025317,0.0,0.0,0.03853430634387428,0.4117647058823529,1.0,1,12.784711333333332,6,Suspicious
3018131250,ag-visors,0.4256873516065133,0.31645569620253167,0.38461538461538464,0.0,0.03853430634387428,0.4117647058823529,0.0,1,14.963535,1,Normal
3018131250,elcabezon,0.0022639101018960242,0.03164556962025317,0.0,0.0,0.03853430634387428,0.4117647058823529,0.0,1,10.726452333333333,1,Normal
3018131250,fhe13,0.9291203464906383,0.03164556962025317,0.0,1.0,0.03853430634387428,0.4117647058823529,0.0,2,13.311879333333332,0,Normal
3018131250,jmay0112,0.26692864869855276,0.03164556962025317,0.0,0.0,0.03853430634387428,0.4117647058823529,0.0,1,11.122062333333332,1,Normal
3018131250,joedimil@pacbell.net,0.6315707080539406,0.03164556962025317,0.0,0.0,0.03853430634387428,0.4117647058823529,0.0,1,11.667114333333332,1,Normal
3018131250,msecovich,0.06632373513054612,0.03164556962025317,0.0,0.0,0.03853430634387428,0.4117647058823529,0.0,4,12.322206333333332,5,Suspicious
3018131250,narlab,0.9145052814533982,0.03164556962025317,0.0,0.0,0.03853430634387428,0.4117647058823529,0.5,2,12.940033333333332,3,Normal
3018131250,norimmu@aol.com,0.1396940911544938,0.08860759493670886,0.0,0.0,0.03853430634387428,0.4117647058823529,0.0,1,10.952710666666665,1,Normal
3018131250,postal1947,0.9107682241752686,0.08860759493670886,0.07692307692307693,0.0,0.03853430634387428,0.4117647058823529,0.0,2,13.305280666666667,3,Normal
3018131250,snowy656,0.5422245325166131,0.03164556962025317,0.0,0.0,0.03853430634387428,0.4117647058823529,0.0,1,11.533563333333333,1,Normal
3018131250,srcarguy@aol.com,0.13365699754943774,0.03164556962025317,0.0,0.0,0.03853430634387428,0.4117647058823529,0.0,3,11.922853333333332,7,Normal
3018131250,theboochster,0.5167555438702828,0.03164556962025317,0.0,0.0,0.03853430634387428,0.4117647058823529,0.0,1,11.495493333333332,1,Normal
3018732453,galaxymom8714,0.8441233670444535,0.09896432681242809,0.0,0.0,0.5791343295107919,0.1568627450980392,0.0,1,50.11245054545454,4,Suspicious
3018732453,jetkona,0.9998294039373572,0.09896432681242809,0.0,0.0,0.5791343295107919,0.1568627450980392,0.0,1,50.34519354545454,4,Suspicious
3018732453,kenrayborn,0.4690047024302915,0.3475258918296893,0.07692307692307693,0.0,0.5791343295107919,0.1568627450980392,0.0,1,50.34264763636363,1,Normal
3018732453,kthornley54,0.7756902617746407,0.2232451093210587,0.0,0.0,0.5791343295107919,0.1568627450980392,0.0,1,50.05561409090909,4,Suspicious
3018732453,narlab,0.99998795792499,0.09896432681242809,0.0,1.0,0.5791343295107919,0.1568627450980392,0.5,2,51.895430545454545,0,Normal
3018732453,playa11229,0.6224448222087975,0.09896432681242809,0.0,0.0,0.5791343295107919,0.1568627450980392,0.0,3,50.78109454545454,7,Normal
3018732453,samdalil,0.9482933369191957,0.09896432681242809,0.0,0.0,0.5791343295107919,0.1568627450980392,0.0,1,50.268159545454544,4,Suspicious
3018732453,snailspace50,0.20151007620626468,0.09896432681242809,0.0,0.0,0.5791343295107919,0.1568627450980392,0.0,1,49.15189854545454,1,Normal
3018738379,akbowhntr,0.02289399160667372,0.012658227848101264,0.0,0.0,0.0,0.6470588235294117,0.0,1,11.356344888888888,1,Normal
3018738379,beanlane,0.7975767331054706,0.012658227848101264,0.0,0.0,0.0,0.6470588235294117,0.0,2,13.014308888888888,3,Normal
3018738379,bieser15,0.5671476137624861,0.012658227848101264,0.0,0.0,0.0,0.6470588235294117,0.0,1,12.169872888888888,2,Suspicious
3018738379,bigriney1,0.8524263777639072,0.050632911392405056,0.0,0.0,0.0,0.6470588235294117,0.0,1,12.610184777777777,2,Suspicious
3018738379,chricanhami,0.452121713266152,0.012658227848101264,0.0,0.0,0.0,0.6470588235294117,0.0,1,11.997936888888887,1,Normal
3018738379,cpenglish,0.9267942190011902,0.012658227848101264,0.0,0.0,0.0,0.6470588235294117,0.0,2,13.207457888888888,3,Normal
3018738379,deb000shopping,0.8438704834692415,0.012658227848101264,0.0,0.0,0.0,0.6470588235294117,0.0,1,12.583506888888888,2,Suspicious
3018738379,docrisser30,0.9990346269866917,0.012658227848101264,0.0,0.0,0.0,0.6470588235294117,1.0,1,13.515439888888888,6,Suspicious
3018738379,elfudd66,0.650900245457629,0.012658227848101264,0.0,0.0,0.0,0.6470588235294117,0.0,1,12.295062888888888,2,Suspicious
3018738379,fhe13,0.9401950414749134,0.050632911392405056,0.07692307692307693,0.0,0.0,0.6470588235294117,0.0,2,13.941377777777777,3,Normal
3018738379,fullajoy3,0.2590149984044251,0.08860759493670886,0.15384615384615385,0.0,0.0,0.6470588235294117,0.0,2,13.637066666666666,3,Normal
3018738379,hcosmelitia,0.8070337760133909,0.08860759493670886,0.15384615384615385,0.0,0.0,0.6470588235294117,0.0,1,13.956222666666665,2,Suspicious
3018738379,hmleedds,0.9997631725248017,0.08860759493670886,0.15384615384615385,1.0,0.0,0.6470588235294117,0.0,1,14.944306666666666,0,Normal
3018738379,hp1hew,0.6421918182128357,0.31645569620253167,0.5384615384615385,0.0,0.0,0.6470588235294117,0.0,1,17.293156999999997,1,Normal
3018738379,mustang386@aol.com,0.841227248004528,0.012658227848101264,0.0,0.0,0.0,0.6470588235294117,0.0,1,12.579555888888887,2,Suspicious
3018738379,mzc64,0.8460541130710704,0.012658227848101264,0.0,0.0,0.0,0.6470588235294117,0.0,1,12.586770888888887,2,Suspicious
3018738379,steve@merrick-inc.com,0.9991068794367519,0.050632911392405056,0.07692307692307693,0.0,0.0,0.6470588235294117,0.0,1,13.529436777777775,2,Suspicious
3018738379,tsarina2,0.603675241293078,0.012658227848101264,0.0,0.0,0.0,0.6470588235294117,0.0,1,12.224472888888888,2,Suspicious
3018738379,zijerfex,0.03039219031295346,0.012658227848101264,0.0,0.0,0.0,0.6470588235294117,0.0,1,11.367552888888888,1,Normal
3018964794,ann1230_11,0.9245784771993345,0.24810126582278483,0.23076923076923078,0.0,0.38603807096799103,0.3333333333333333,0.0,1,40.084256999999994,4,Suspicious
3018964794,beanlane,0.5626820109462461,0.31645569620253167,0.3076923076923077,0.0,0.38603807096799103,0.3333333333333333,0.0,2,40.768308999999995,3,Normal
3018964794,celinacat,0.9996588078747144,0.11139240506329115,0.07692307692307693,1.0,0.38603807096799103,0.3333333333333333,0.5,1,39.796484,0,Normal
3018964794,cpenglish,0.692911031142813,0.04303797468354431,0.0,0.0,0.38603807096799103,0.3333333333333333,0.0,2,38.06296999999999,3,Normal
3018964794,cruncheese@aol.com,0.6175958800047366,0.17974683544303796,0.15384615384615385,0.0,0.38603807096799103,0.3333333333333333,0.0,1,38.900392,4,Suspicious
3018964794,fixitman27,0.03244937812717636,0.04303797468354431,0.0,0.0,0.38603807096799103,0.3333333333333333,0.0,1,36.575739,1,Normal
3018964794,leehoop555,0.7134046357974765,0.17974683544303796,0.15384615384615385,0.0,0.38603807096799103,0.3333333333333333,0.0,1,39.043603,4,Suspicious
3018964794,lu1010,0.835623669099835,0.04303797468354431,0.0,0.0,0.38603807096799103,0.3333333333333333,0.0,1,37.77629099999999,4,Suspicious
3019224930,dingo75006,0.37131938994848007,0.02025316455696203,0.0,0.0,0.00023166917641607787,0.5294117647058824,0.0,1,10.097934666666667,1,Normal
3019224930,fil321blue,0.9200145307705122,0.11139240506329115,0.15384615384615385,0.0,0.00023166917641607787,0.5294117647058824,0.0,3,13.351434999999999,7,Normal
3019224930,garymercado0,0.9430871464898355,0.3848101265822784,0.46153846153846156,0.0,0.00023166917641607787,0.5294117647058824,0.0,1,15.285922999999999,1,Normal
3019224930,jax553,0.7008748567494828,0.02025316455696203,0.0,0.0,0.00023166917641607787,0.5294117647058824,0.0,1,10.590540666666666,2,Suspicious
3019224930,milasalang,1.0,0.02025316455696203,0.0,1.0,0.00023166917641607787,0.5294117647058824,0.0,1,11.737660666666667,0,Normal
3019224930,pmsblue,0.9263727463758373,0.5215189873417722,0.7692307692307693,0.0,0.00023166917641607787,0.5294117647058824,0.0,1,18.110939000000002,1,Normal
3019224930,rmpddp,0.8836855974775868,0.02025316455696203,0.0,0.0,0.00023166917641607787,0.5294117647058824,0.0,2,11.363798666666668,3,Normal
3019224930,sylan_c@yahoo.com,0.36963751347207147,0.02025316455696203,0.0,0.0,0.00023166917641607787,0.5294117647058824,0.0,1,10.095420666666666,1,Normal
3019224930,virginia650,0.9789183406823442,0.02025316455696203,0.0,0.0,0.00023166917641607787,0.5294117647058824,1.0,1,11.706148666666667,6,Suspicious
3019342390,alexbaker98,0.9464508994426528,0.28538550057537393,0.15384615384615385,0.0,0.177535812193521,0.37254901960784315,0.0,1,23.83058736363636,2,Suspicious
3019342390,appliancemedic,0.9605140360419305,0.03682393555811278,0.0,0.0,0.177535812193521,0.37254901960784315,0.0,2,22.860699272727274,3,Normal
3019342390,fil321blue,0.12201833205219037,0.40966628308400455,0.3076923076923077,0.0,0.177535812193521,0.37254901960784315,0.0,3,25.04371390909091,7,Normal
3019342390,jeraven,0.9165183149925842,0.03682393555811278,0.0,0.0,0.177535812193521,0.37254901960784315,0.0,2,22.794936272727277,3,Normal
3019342390,kyjessmom,0.999837431987364,0.03682393555811278,0.0,0.0,0.177535812193521,0.37254901960784315,0.0,1,22.419478272727275,2,Suspicious
3019342390,ladymi1081,0.9999919719499932,0.03682393555811278,0.0,1.0,0.177535812193521,0.37254901960784315,1.0,1,23.819709272727273,0,Normal
3019342390,plato250,0.9987375891364427,0.09896432681242809,0.0,0.0,0.177535812193521,0.37254901960784315,0.0,2,22.940561545454543,3,Normal
3019342390,rclnorthamerica,0.40942653631789483,0.16110471806674337,0.15384615384615385,0.0,0.177535812193521,0.37254901960784315,0.0,1,22.98241081818182,1,Normal
3019342390,tabmeout,0.9801285692208578,0.03682393555811278,0.0,0.0,0.177535812193521,0.37254901960784315,0.0,1,22.390018272727275,2,Suspicious
3019354114,biggahead,0.20367564269557836,0.22784810126582275,0.15384615384615385,0.0,0.03853430634387428,0.47058823529411764,0.0,1,13.399273592592593,1,Normal
3019354114,fooshamoo,0.07587711463854709,0.07594936708860758,0.0,0.0,0.03853430634387428,0.47058823529411764,0.0,1,11.752690037037038,1,Normal
3019354114,javferrod,0.8593044096071675,0.07594936708860758,0.07692307692307693,0.0,0.03853430634387428,0.47058823529411764,0.0,1,13.623725037037037,2,Suspicious
3019354114,jdlax17,0.8806730717125637,0.025316455696202528,0.0,0.0,0.03853430634387428,0.47058823529411764,0.0,2,13.437147518518518,3,Normal
3019354114,kreggk,1.0,0.025316455696202528,0.0,1.0,0.03853430634387428,0.47058823529411764,0.0,1,13.815512518518517,0,Normal
3019354114,mrhookmanarizona,0.9971299721225966,0.12658227848101264,0.15384615384615385,0.0,0.03853430634387428,0.47058823529411764,0.0,1,14.548259555555555,2,Suspicious
3019354114,msecovich,0.07030163390887761,0.025316455696202528,0.0,0.0,0.03853430634387428,0.47058823529411764,0.0,4,13.225837518518517,5,Suspicious
3019354114,norberto_levin,0.7061713627414186,0.1772151898734177,0.15384615384615385,0.0,0.03853430634387428,0.47058823529411764,0.0,1,14.131865074074074,2,Suspicious
3019354114,panda82panda,0.6864765490624242,0.025316455696202528,0.0,0.0,0.03853430634387428,0.47058823529411764,0.0,1,12.646870518518519,2,Suspicious
3019354114,plato250,0.999931761574943,0.025316455696202528,0.0,0.0,0.03853430634387428,0.47058823529411764,0.0,2,13.615410518518518,3,Normal
3019354114,rmpddp,0.8733555041314353,0.025316455696202528,0.0,0.0,0.03853430634387428,0.47058823529411764,0.0,2,13.426209518518519,3,Normal
3019354114,romeroom,0.22026159400946912,0.1772151898734177,0.23076923076923078,0.0,0.03853430634387428,0.47058823529411764,0.0,1,14.105547074074073,1,Normal
3019354114,rulys_closet,0.9915866035929538,0.025316455696202528,0.0,0.0,0.03853430634387428,0.47058823529411764,1.0,1,13.802936518518518,6,Suspicious
3019716900,albie_27,0.6094935705354508,0.03978300180831826,0.0,0.0,0.03853430634387428,0.3529411764705882,0.0,2,11.237090523809524,3,Normal
3019716900,anilsoni67,0.9405522897002127,0.10488245931283904,0.07692307692307693,0.0,0.03853430634387428,0.3529411764705882,0.0,2,12.455753047619048,3,Normal
3019716900,charylouis,0.9661978954466908,0.23508137432188062,0.15384615384615385,0.0,0.03853430634387428,0.3529411764705882,0.0,1,12.741706095238094,2,Suspicious
3019716900,chris20w77,0.9888430175031562,0.03978300180831826,0.0,0.0,0.03853430634387428,0.3529411764705882,0.0,1,11.304126523809522,2,Suspicious
3019716900,daffyduster,0.7520777596923651,0.03978300180831826,0.0,0.0,0.03853430634387428,0.3529411764705882,0.0,1,10.950219523809523,2,Suspicious
3019716900,fastfixpr,0.5879723754799269,0.03978300180831826,0.0,0.0,0.03853430634387428,0.3529411764705882,0.0,1,10.704921523809524,1,Normal
3019716900,gbbadfischau,0.8800067435620058,0.03978300180831826,0.0,0.0,0.03853430634387428,0.3529411764705882,0.0,1,11.141442523809523,2,Suspicious
3019716900,ginnyb3758,0.7883404615727352,0.10488245931283904,0.07692307692307693,0.0,0.03853430634387428,0.3529411764705882,0.0,1,11.728233047619048,2,Suspicious
3019716900,heatrichi,0.9880562686024973,0.10488245931283904,0.0,0.0,0.03853430634387428,0.3529411764705882,0.0,1,11.326760047619047,2,Suspicious
3019716900,jeraven,0.918657790319376,0.03978300180831826,0.0,0.0,0.03853430634387428,0.3529411764705882,0.0,2,11.699216523809524,3,Normal
3019716900,rjc5440@aol.com,0.9997651795373033,0.16998191681735983,0.15384615384615385,1.0,0.03853430634387428,0.3529411764705882,0.3333333333333333,1,13.701404904761905,0,Normal
3019716900,tbryand,0.20075744651813437,0.03978300180831826,0.0,0.0,0.03853430634387428,0.3529411764705882,0.0,1,10.126128523809523,1,Normal
3019716900,wintersjarrod,0.29313621794550165,0.03978300180831826,0.0,0.0,0.03853430634387428,0.3529411764705882,0.0,1,10.264212523809523,1,Normal
3019975492,albie_27,0.27327281521636604,0.055100521221146684,0.0,0.0,0.003822541410865284,0.2745098039215686,0.0,2,6.843123764705882,3,Normal
3019975492,bhandsome562,0.8092354687277347,0.055100521221146684,0.0,0.0,0.003822541410865284,0.2745098039215686,0.0,1,7.1442587647058815,2,Suspicious
3019975492,chaquita,0.9999297545624413,0.055100521221146684,0.0,1.0,0.003822541410865284,0.2745098039215686,1.0,1,8.82930076470588,0,Normal
3019975492,fil321blue,0.648875169843433,0.21593447505584515,0.0,0.0,0.003822541410865284,0.2745098039215686,0.0,3,7.963382294117647,7,Normal
3019975492,gprixwvu@yahoo.com,0.9991209285242637,0.21593447505584515,0.15384615384615385,0.0,0.003822541410865284,0.2745098039215686,0.0,1,8.886915294117646,2,Suspicious
3019975492,mattyrn,0.8025681731971508,0.055100521221146684,0.0,0.0,0.003822541410865284,0.2745098039215686,0.0,1,7.134292764705882,2,Suspicious
3019975492,millicentr,0.34617754433992376,0.055100521221146684,0.0,0.0,0.003822541410865284,0.2745098039215686,0.0,1,6.452098764705882,1,Normal
3019975492,muttpep,0.9963873774969745,0.055100521221146684,0.0,0.0,0.003822541410865284,0.2745098039215686,0.0,1,7.424005764705882,2,Suspicious
3019975492,photodmc,0.6553718693113739,0.055100521221146684,0.0,0.0,0.003822541410865284,0.2745098039215686,0.0,1,6.914269764705882,1,Normal
3019975492,skcpp,0.15867039435788646,0.055100521221146684,0.0,0.0,0.003822541410865284,0.2745098039215686,0.0,1,6.171820764705882,1,Normal
3019975492,skunklovinggirl,0.05584311584676862,0.21593447505584515,0.0,0.0,0.003822541410865284,0.2745098039215686,0.0,1,6.0769422941176465,1,Normal
3020701670,9600ggp,0.2407973459266678,0.025316455696202528,0.0,0.0,0.07714583574655391,0.47058823529411764,0.0,4,16.480687518518515,5,Suspicious
3020701670,anilsoni67,0.08454540163330677,0.025316455696202528,0.0,0.0,0.07714583574655391,0.47058823529411764,0.0,2,15.247128518518517,3,Normal
3020701670,bjam70,0.9828059238981001,0.025316455696202528,0.0,0.0,0.07714583574655391,0.47058823529411764,0.0,1,16.089811518518516,2,Suspicious
3020701670,golfergray,0.03627273694287842,0.8354430379746836,1.0,0.0,0.07714583574655391,0.47058823529411764,0.0,2,24.571268814814815,1,Normal
3020701670,jacmatute,0.9902740174168546,0.025316455696202528,0.0,0.0,0.07714583574655391,0.47058823529411764,0.0,1,16.10097451851852,2,Suspicious
3020701670,katstlye99,0.046452304351403816,0.07594936708860758,0.07692307692307693,0.0,0.07714583574655391,0.47058823529411764,0.0,1,15.408707037037036,1,Normal
3020701670,lucianota,0.04955514567900244,0.025316455696202528,0.0,0.0,0.07714583574655391,0.47058823529411764,0.0,1,14.694826518518518,1,Normal
3020701670,melfaria,0.983887703636506,0.07594936708860758,0.0,1.0,0.07714583574655391,0.47058823529411764,0.5,1,17.159947037037035,0,Normal
3020701670,prestridge38105,0.013049595285929036,0.025316455696202528,0.0,0.0,0.07714583574655391,0.47058823529411764,0.0,1,14.640259518518516,1,Normal
3020805007,5nova7,0.17495730080902674,0.050632911392405056,0.0,0.0,0.5791343295107919,0.2941176470588235,0.0,4,52.694531777777776,5,Suspicious
3020805007,9600ggp,0.16408330707491978,0.050632911392405056,0.0,0.0,0.5791343295107919,0.2941176470588235,0.0,4,52.67827777777778,5,Suspicious
3020805007,hornetstinger92,0.9482592177066672,0.35443037974683544,0.15384615384615385,0.0,0.5791343295107919,0.2941176470588235,0.0,1,53.861542888888884,4,Suspicious
3020805007,jabarcher,0.9664246878593808,0.35443037974683544,0.15384615384615385,1.0,0.5791343295107919,0.2941176470588235,0.0,1,54.588695888888886,0,Normal
3020805007,liney-piney,0.9985368878862746,0.12658227848101264,0.07692307692307693,0.0,0.5791343295107919,0.2941176470588235,0.0,1,53.15336255555556,4,Suspicious
3020805007,rusbec6,0.8334982428605547,0.12658227848101264,0.0,0.0,0.5791343295107919,0.2941176470588235,0.5,1,52.55666955555556,6,Suspicious
3020805007,soldbob,0.9992012090243312,0.050632911392405056,0.0,0.0,0.5791343295107919,0.2941176470588235,0.0,1,52.42657777777778,4,Suspicious
3020805007,tomlynne,0.607147372920986,0.050632911392405056,0.0,0.0,0.5791343295107919,0.2941176470588235,0.0,1,51.840551777777776,4,Suspicious
3020823944,9600ggp,0.7335991955893894,0.017405063291139243,0.0,0.0,0.003822541410865284,0.5686274509803921,0.0,4,13.017413999999999,5,Suspicious
3020823944,assetman2000,0.9889112559282133,0.017405063291139243,0.0,0.0,0.003822541410865284,0.5686274509803921,0.0,1,11.899044,2,Suspicious
3020823944,bergita1@aol.com,0.9963131180344122,0.18829113924050633,0.0,0.0,0.003822541410865284,0.5686274509803921,0.0,1,11.972608,2,Suspicious
3020823944,carmloriga,0.9999899649374917,0.017405063291139243,0.0,1.0,0.003822541410865284,0.5686274509803921,1.0,1,13.315604,0,Normal
3020823944,cntrygl29,0.7358109233662418,0.017405063291139243,0.0,0.0,0.003822541410865284,0.5686274509803921,0.0,1,11.520719999999999,2,Suspicious
3020823944,golfergray,0.15579434544297777,0.017405063291139243,0.0,0.0,0.003822541410865284,0.5686274509803921,0.0,2,11.153735,3,Normal
3020823944,jaclynbee,0.99314605230676,0.23101265822784808,0.07692307692307693,0.0,0.003822541410865284,0.5686274509803921,0.0,1,12.683499,2,Suspicious
3020823944,jvross524,0.990635279667157,0.017405063291139243,0.0,0.0,0.003822541410865284,0.5686274509803921,0.0,1,11.901620999999999,2,Suspicious
3020823944,kezia28,0.13682205626458846,0.10284810126582278,0.0,0.0,0.003822541410865284,0.5686274509803921,0.0,1,10.656626,1,Normal
3020823944,lellibug,0.971241517863415,0.060126582278481014,0.07692307692307693,0.0,0.003822541410865284,0.5686274509803921,0.0,1,12.588256999999999,2,Suspicious
3020823944,lior_knight,0.9913016078177153,0.017405063291139243,0.0,0.0,0.003822541410865284,0.5686274509803921,0.0,1,11.902617,2,Suspicious
3020823944,moderndecals,0.29195408758201163,0.017405063291139243,0.0,0.0,0.003822541410865284,0.5686274509803921,0.0,1,10.857261,1,Normal
3020823944,testgator,0.7260749057205877,0.14556962025316456,0.23076923076923078,0.0,0.003822541410865284,0.5686274509803921,0.0,1,13.653042,2,Suspicious
3020823944,therzer506@aol.com,0.7737314175730001,0.10284810126582278,0.07692307692307693,0.0,0.003822541410865284,0.5686274509803921,0.0,1,12.308651999999999,2,Suspicious
3020823944,watercopper,0.8674408382889818,0.017405063291139243,0.0,0.0,0.003822541410865284,0.5686274509803921,0.0,1,11.717475,2,Suspicious
3022847852,aardvark-tek,0.038655060782373615,0.025316455696202528,0.0,0.0,0.038572917873276956,0.47058823529411764,0.0,1,11.681533518518519,1,Normal
3022847852,cregmore,0.7767198591880029,0.07594936708860758,0.07692307692307693,0.0,0.038572917873276956,0.47058823529411764,0.0,1,13.503281037037038,2,Suspicious
3022847852,grouan,0.9427138421645229,0.07594936708860758,0.07692307692307693,0.0,0.038572917873276956,0.47058823529411764,0.0,1,13.751402037037037,2,Suspicious
3022847852,hbb,0.053731738695000336,0.025316455696202528,0.0,0.0,0.038572917873276956,0.47058823529411764,0.0,1,11.70406951851852,1,Normal
3022847852,maya_072101,0.9971801474351385,0.07594936708860758,0.07692307692307693,0.0,0.038572917873276956,0.47058823529411764,0.0,1,13.832816037037038,2,Suspicious
3022847852,mikeyokred,0.41193329493249425,0.1772151898734177,0.07692307692307693,0.0,0.038572917873276956,0.47058823529411764,0.0,1,12.995050074074074,1,Normal
3022847852,rdedmond,0.99859107722382,0.025316455696202528,0.0,1.0,0.038572917873276956,0.47058823529411764,1.0,1,14.516406518518519,0,Normal
3022847852,ssberro,0.8515252291506524,0.22784810126582275,0.23076923076923078,0.0,0.038572917873276956,0.47058823529411764,0.0,1,15.070652592592591,2,Suspicious
3022847852,tobias25,0.7983112996810858,0.07594936708860758,0.07692307692307693,0.0,0.038572917873276956,0.47058823529411764,0.0,1,13.535555037037037,2,Suspicious
3022847852,txrngr34,0.7721197865341504,0.025316455696202528,0.0,0.0,0.038572917873276956,0.47058823529411764,0.0,1,12.777886518518518,2,Suspicious
3022847852,warrencheryl,0.26786993756184113,0.2784810126582278,0.3076923076923077,0.0,0.038572917873276956,0.47058823529411764,0.0,1,14.91674711111111,1,Normal
3023004423,5nova7,0.9729795906898705,0.060126582278481014,0.0,0.0,0.34360400015444614,0.2549019607843137,0.0,4,34.990854999999996,5,Suspicious
3023004423,allewyn,0.9161068774297395,0.060126582278481014,0.0,0.0,0.34360400015444614,0.2549019607843137,0.0,1,33.405843999999995,4,Suspicious
3023004423,briscoebch,0.8364565792880325,0.060126582278481014,0.0,0.0,0.34360400015444614,0.2549019607843137,0.0,2,33.786786,3,Normal
3023004423,dopplebock43,0.20286480964489928,0.7436708860759493,0.3076923076923077,1.0,0.34360400015444614,0.2549019607843137,0.1111111111111111,1,36.16749677777778,0,Normal
3023004423,quesadice,0.9825771244729085,0.060126582278481014,0.0,0.0,0.34360400015444614,0.2549019607843137,0.0,1,33.505201,4,Suspicious
3023004423,tonyspony,0.595285929036052,0.060126582278481014,0.0,0.0,0.34360400015444614,0.2549019607843137,0.0,1,32.926294,4,Suspicious
3023004423,www_outline-pro_com,0.9180356164438549,0.14556962025316456,0.07692307692307693,0.0,0.34360400015444614,0.2549019607843137,0.0,1,34.139976999999995,4,Suspicious
3023174478,aliciawhitney,0.0571255968353427,0.025316455696202528,0.07692307692307693,0.0,0.003822541410865284,1.0,0.0,1,17.809142518518517,1,Normal
3023174478,aslam40544,0.16136781916014556,0.10126582278481011,0.3076923076923077,0.0,0.003822541410865284,1.0,0.0,1,20.092737296296296,1,Normal
3023174478,beebo615,0.09667979921846934,0.0,0.0,0.0,0.003822541410865284,1.0,0.0,1,17.15900725925926,1,Normal
3023174478,darcy1928,0.19744386887785925,0.3291139240506329,0.8461538461538463,0.0,0.003822541410865284,1.0,0.07142857142857142,1,25.17999562962963,1,Normal
3023174478,gi-n-jose,0.9959478417591064,0.050632911392405056,0.15384615384615385,1.0,0.003822541410865284,1.0,0.0,2,21.121714777777775,0,Normal
3023174478,gmylin,0.017850369189949686,0.0,0.0,0.0,0.003822541410865284,1.0,0.0,1,17.04117625925926,1,Normal
3023174478,gungoo,0.1966832111397222,0.0,0.0,0.0,0.003822541410865284,1.0,0.0,1,17.30848825925926,1,Normal
3023174478,jrmezo,0.013434941686251764,0.0,0.0,0.0,0.003822541410865284,1.0,0.0,1,17.034576259259257,1,Normal
3023174478,kmdwahl,0.20410313635843638,0.050632911392405056,0.07692307692307693,0.0,0.003822541410865284,1.0,0.0,1,18.03809777777778,1,Normal
3023174478,ovic,0.10221714671060687,0.10126582278481011,0.3076923076923077,0.0,0.003822541410865284,1.0,0.0,1,20.004321296296297,1,Normal
3023174478,popoff1938,0.11799427198632022,0.050632911392405056,0.0,0.0,0.003822541410865284,1.0,0.0,1,17.209385777777776,1,Normal
3023174478,stryder00700,0.025599444458939538,0.0,0.0,0.0,0.003822541410865284,1.0,0.0,1,17.052759259259258,1,Normal
3023174478,stylz30,0.024433370195462954,0.025316455696202528,0.07692307692307693,0.0,0.003822541410865284,1.0,0.0,1,17.76027551851852,1,Normal
3023174478,vicky637,0.04341168041135729,0.2784810126582278,0.6923076923076923,0.0,0.003822541410865284,1.0,0.0,1,23.48123611111111,1,Normal
3023175174,adam7523,0.14795896863641564,0.16110471806674337,0.07692307692307693,0.0,0.03853430634387428,0.37254901960784315,0.3333333333333333,1,11.324913151515151,1,Normal
3023175174,arsalgon,0.9924636680561885,0.16110471806674337,0.15384615384615385,0.0,0.03853430634387428,0.37254901960784315,0.0,1,13.053910818181818,2,Suspicious
3023175174,chikene,0.6445259737522905,0.03682393555811278,0.0,0.0,0.03853430634387428,0.37254901960784315,0.0,1,11.088373272727273,1,Normal
3023175174,djcoleman,0.36150509881526055,0.28538550057537393,0.15384615384615385,0.0,0.03853430634387428,0.37254901960784315,0.0,1,12.156234363636363,1,Normal
3023175174,dvguy@gowebway.com,0.1411110419806805,0.09896432681242809,0.0,0.0,0.03853430634387428,0.37254901960784315,0.0,1,10.358616545454545,1,Normal
3023175174,gi-n-jose,0.9965840647221393,0.03682393555811278,0.0,0.0,0.03853430634387428,0.37254901960784315,0.0,2,12.11461527272727,3,Normal
3023175174,rugman4555,0.8214120135754326,0.03682393555811278,0.0,0.0,0.03853430634387428,0.37254901960784315,0.0,1,11.352775272727271,2,Suspicious
3023175174,smkettner,0.013149945911013082,0.03682393555811278,0.0,0.0,0.03853430634387428,0.37254901960784315,0.0,1,10.144618272727273,1,Normal
3023175174,stefsmail,0.723363431830817,0.16110471806674337,0.15384615384615385,0.0,0.03853430634387428,0.37254901960784315,0.0,1,12.651670818181818,2,Suspicious
3023175174,wwchang,0.9582099856900009,0.09896432681242809,0.0,1.0,0.03853430634387428,0.37254901960784315,0.0,1,12.279982545454546,0,Normal
3023251181,briscoebch,0.9899669445040973,0.08860759493670886,0.07692307692307693,0.0,0.05787868257461677,0.4117647058823529,0.0,2,14.926663666666666,3,Normal
3023251181,coldtricky,0.8777689246226315,0.259493670886076,0.3076923076923077,0.0,0.05787868257461677,0.4117647058823529,0.0,1,16.421454666666666,2,Suspicious
3023251181,fanyiwen,0.9190632068447154,0.03164556962025317,0.0,0.0,0.05787868257461677,0.4117647058823529,0.0,1,13.599846333333332,2,Suspicious
3023251181,malocrook,0.9681928658733616,0.03164556962025317,0.0,0.0,0.05787868257461677,0.4117647058823529,0.0,1,13.673283333333332,2,Suspicious
3023251181,mtshughes,0.9977742231356359,0.08860759493670886,0.07692307692307693,1.0,0.05787868257461677,0.4117647058823529,0.5,1,15.488333666666666,0,Normal
3023251181,paulbaeppler,0.8694940120782013,0.03164556962025317,0.0,0.0,0.05787868257461677,0.4117647058823529,0.0,1,13.525752333333333,2,Suspicious
3023251181,sebassorondo,0.016186555826056246,0.6012658227848101,0.7692307692307693,0.0,0.05787868257461677,0.4117647058823529,0.0,1,19.458596666666665,1,Normal
3023251181,whitey2002,0.9975554587729527,0.03164556962025317,0.0,0.0,0.05787868257461677,0.4117647058823529,0.0,1,13.717173333333331,2,Suspicious
3023389524,bacardi91,0.037242123981190284,0.060126582278481014,0.0,0.0,0.03853430634387428,0.2549019607843137,0.0,1,8.389153,1,Normal
3023389524,johnathonb,0.0,0.060126582278481014,0.0,0.0,0.03853430634387428,0.2549019607843137,0.0,2,8.833485,3,Normal
3023389524,mchunter21,0.08470194860843788,0.23101265822784808,0.15384615384615385,0.0,0.03853430634387428,0.2549019607843137,0.0,1,9.922594,1,Normal
3023389524,minnewthecat,0.31316620271227674,0.31645569620253167,0.15384615384615385,0.0,0.03853430634387428,0.2549019607843137,0.0,1,10.295342999999999,1,Normal
3023389524,randywood658,0.0028459437273834778,0.31645569620253167,0.07692307692307693,1.0,0.03853430634387428,0.2549019607843137,0.25,1,10.006488999999998,0,Normal
3023389524,sidney3577,0.1271984313190287,0.23101265822784808,0.15384615384615385,0.0,0.03853430634387428,0.2549019607843137,0.0,1,9.986115999999999,1,Normal
3023653116,appliancemedic,0.9447208546662037,0.430379746835443,0.0,0.0,0.675663153017491,0.0,0.0,2,55.98403166666666,3,Normal
3023653116,g0168,0.97810148659416,0.8860759493670886,0.07692307692307693,1.0,0.675663153017491,0.0,0.5,1,57.45059433333334,0,Normal
3023653148,5nova7,0.9797291737330233,0.31645569620253167,0.0,0.0,0.675663153017491,0.0196078431372549,0.0,4,57.294694,5,Suspicious
3023653148,bowenken,0.9951470437709357,0.31645569620253167,0.0,1.0,0.675663153017491,0.0196078431372549,1.0,1,57.217740000000006,0,Normal
3023653148,luislazo,0.9870346992391417,0.6582278481012658,0.07692307692307693,0.0,0.675663153017491,0.0196078431372549,0.0,1,56.63061400000001,4,Suspicious
3024980402,-kim-,0.7120759935213636,0.027263875365141195,0.0,0.0,0.0,0.4509803921568627,0.0,1,9.391847769230768,2,Suspicious
3024980402,bandkolson,0.01303956022342063,0.027263875365141195,0.0,0.0,0.0,0.4509803921568627,0.0,1,8.346956769230768,1,Normal
3024980402,baseballcardfreak77,0.023277330994494767,0.027263875365141195,0.0,0.0,0.0,0.4509803921568627,0.0,1,8.36225976923077,1,Normal
3024980402,chimam,0.07596140916361768,0.027263875365141195,0.0,0.0,0.0,0.4509803921568627,0.0,1,8.441009769230769,1,Normal
3024980402,copynet2000,0.9714663032636031,0.07984420642648492,0.07692307692307693,0.0,0.0,0.4509803921568627,0.0,1,10.498804538461538,2,Suspicious
3024980402,dido-jan,0.2269650157650832,0.07984420642648492,0.07692307692307693,0.0,0.0,0.4509803921568627,0.0,1,9.385954538461538,1,Normal
3024980402,expopo@aol.com,0.4006197654605191,0.027263875365141195,0.0,0.0,0.0,0.4509803921568627,0.0,1,8.92629576923077,1,Normal
3024980402,g8ueyb,0.9933788657569549,0.027263875365141195,0.0,0.0,0.0,0.4509803921568627,0.0,1,9.81232776923077,2,Suspicious
3024980402,gryder2310-half,0.6844012981356862,0.07984420642648492,0.0,0.0,0.0,0.4509803921568627,0.0,1,9.369711538461539,2,Suspicious
3024980402,huntintoo,0.9018952219053373,0.027263875365141195,0.0,0.0,0.0,0.4509803921568627,0.0,1,9.675581769230769,2,Suspicious
3024980402,kgdennis,0.969013733986549,0.027263875365141195,0.0,0.0,0.0,0.4509803921568627,0.0,1,9.775907769230768,2,Suspicious
3024980402,mitchswoman,0.9841365731867144,0.13242453748782865,0.15384615384615385,0.0,0.0,0.4509803921568627,0.0,1,11.236974307692307,2,Suspicious
3024980402,pcftrains,0.041930505185116804,0.027263875365141195,0.0,0.0,0.0,0.4509803921568627,0.0,1,8.39014176923077,1,Normal
3024980402,sjweimer,0.999377826124479,0.18500486854917236,0.23076923076923078,1.0,0.0,0.4509803921568627,0.25,1,12.853987076923076,0,Normal
3024980402,tyhaus,0.8647133082991976,0.18500486854917236,0.23076923076923078,0.0,0.0,0.4509803921568627,0.0,1,11.777696076923077,2,Suspicious
3025665574,boatr268,0.41831960871284274,0.00802716887928373,0.0,0.0,0.2702420942893548,0.7450980392156863,0.0,1,34.44271712195122,1,Normal
3025665574,dreama363,0.35908664875073515,0.47483791293609134,0.6153846153846154,0.0,0.2702420942893548,0.7450980392156863,0.06666666666666667,1,40.17157649593496,1,Normal
3025665574,gozzochoso,0.8319106959717253,0.1080580426057425,0.23076923076923078,0.0,0.2702420942893548,0.7450980392156863,0.0,1,37.19752148780487,2,Suspicious
3025665574,hotrodandlucy,0.6122632477877705,0.14140166718122876,0.3076923076923077,0.0,0.2702420942893548,0.7450980392156863,0.0,1,37.5813966097561,2,Suspicious
3025665574,joshuahowe,0.22507440998849984,0.00802716887928373,0.0,0.0,0.2702420942893548,0.7450980392156863,0.0,1,34.15386212195122,1,Normal
3025665574,lwilliam@pharmanex.com,0.12365806126606363,0.14140166718122876,0.23076923076923078,0.0,0.2702420942893548,0.7450980392156863,0.0,1,36.15104960975609,1,Normal
3025665574,pt2358,0.002839922689878436,0.00802716887928373,0.0,0.0,0.2702420942893548,0.7450980392156863,0.0,1,33.821675121951216,1,Normal
3025665574,smdkdylan,0.024742450120721803,0.04137079345476999,0.0,0.0,0.2702420942893548,0.7450980392156863,0.0,1,33.86660924390244,1,Normal
3025665574,twins9597,0.9834762660736615,0.2080889163322013,0.07692307692307693,1.0,0.2702420942893548,0.7450980392156863,0.0,1,36.760660853658536,0,Normal
